CREATE TABLE STUDENT_INFO (
	RNO INT PRIMARY KEY , 
	NAME VARCHAR(20) NOT NULL ,
	BRANCH VARCHAR(20) DEFAULT 'CE'
);

CREATE TABLE RESULT(
	RESULTID INT PRIMARY KEY ,
	SPI DECIMAL(4,2) CHECK  (SPI BETWEEN 0 AND 10),
	RNO INT FOREIGN KEY REFERENCES STUDENT_INFO (RNO)
);

INSERT INTO STUDENT_INFO
VALUES(101 , 'RAJU', 'CE' ),  
(102 , 'AMIT', 'CE' ),
(103, 'SANJAY' ,'ME') ,
(104 ,'NEHA' ,'EC'),  
(105, 'MEERA' ,'EE'),
(106, 'MAHESH', 'ME');

INSERT INTO RESULT
VALUES(11 , 8.8 , 101 ),  
(12 ,9.2,102 ),
(13, 7.6,103) ,
(14 ,8.2,104),  
(15, 7.0,105),
(16, 8.9,106);

CREATE TABLE DEPARTMENT (
	DEPARTMENTID INT PRIMARY KEY ,
	DEPARTMENTNAME VARCHAR (100) NOT NULL UNIQUE ,
	DEPARTMENTCODE VARCHAR (50) NOT NULL UNIQUE ,
	LOCATION VARCHAR (50) NOT NULL 
);

CREATE TABLE PERSON (
	PERSONID INT PRIMARY KEY ,
	PERSONNAME VARCHAR (100) NOT NULL ,
	DEPARTMENTID INT FOREIGN KEY REFERENCES DEPARTMENT (DEPARTMENTID) NULL ,
	SALARY DECIMAL (8,2) NOT NULL ,
	JOININGDATE DATETIME NOT NULL ,
	CITY VARCHAR(100) NOT NULL
);

INSERT INTO DEPARTMENT
VALUES(1,'ADMIN','ADM','A-BLOCK'),
(2,'COMPUTER','CE','C-BLOCK'),
(3,'CIVIL','CI','G-BLOCK'),
(4,'ELECTRICAL','EE','E-BLOCK'),
(5,'MECHANICAL','ME','B-BLOCK'),
(6,'CHEMICAL','CH','D-BLOCK');

INSERT INTO PERSON
VALUES(101,'RAHUL TRIPATHI',2,56000,'2000-01-01','RAJKOT'),
(102,'HARDIK PANDYA',3,18000,'2001-09-25','AHMEDABAD'),
(103,'BHAVIN KANANI',4,25000,'2000-05-14','BARODA'),
(104,'BHOOMI VAISHNAV',1,39000,'2005-02-08','RAJKOT'),
(105,'ROHIT TOPIYA',2,17000,'2001-07-23','JAMNAGAR'),
(106,'PRIYA MENPARA',NULL,9000,'2000-10-18','AHMEDABAD'),
(107,'NEHA SHARMA',2,34000,'2002-12-25','RAJKOT'),
(108,'NAYAN GOSWAMI',3,25000,'2001-07-01','RAJKOT'),
(109,'MEHUL BHUNDIYA ',4,13500,'2005-01-09','BARODA'),
(110,'MOHIT MARU',5,14000,'2000-05-25','JAMNAGAR');


CREATE TABLE PUBLISHER (
	PUBLISHERID INT PRIMARY KEY ,
	PUBLISHERNAME VARCHAR(100) NOT NULL UNIQUE ,
	CITY VARCHAR(50) NOT NULL
);

CREATE TABLE AUTHOR(
	AUTHORID INT PRIMARY KEY ,
	AUTHORNAME VARCHAR(100) NOT NULL ,
	COUNTRY VARCHAR(50) NULL 
);

CREATE TABLE BOOK(
	BOOKID INT PRIMARY KEY ,
	TITLE VARCHAR(200) NOT NULL, 
	AUTHORID INT FOREIGN KEY REFERENCES AUTHOR(AUTHORID) NOT NULL ,
	PUBLISHERID INT FOREIGN KEY REFERENCES PUBLISHER(PUBLISHERID) NOT NULL ,
	PRICE DECIMAL(8,2) NOT NULL ,
	PUBLICATIONYEAR INT NOT NULL
);

INSERT INTO PUBLISHER
VALUES(1,'RUPA PUBLICATIONS','NEW DELHI'),
(2,'PENGUIN INDIA','GURUGRAM'),
(3,'HARPERCOLLINS INDIA','NOIDA'),
(4,'ALEPH BOOK COMPANY ','NEW DELHI');

INSERT INTO AUTHOR
VALUES(1,'CHETAN BHAGAT','INDIA'),
(2,'ARUNDHATI ROY','INDIA'),
(3,'AMISH TRIPATHI','INDIA'),
(4,'RUSKIN BOND','INDIA'),
(5,'JHUMPA LAHIRI','INDIA'),
(6,'PAULO COELHO','BRAZIL'),
(7,'SUDHA MURTY','INDIA');

INSERT INTO BOOK
VALUES(101,'FIVE POINT SOMEONE',1,1,250.00,2004), 
(102,'THE GOD OF SMALL THINGS', 2, 2, 350.00 ,1997),
(103,'IMMORTALS OF MELUHA',3, 3, 300.00 ,2010),
(104, 'THE BLUE UMBRELLA',4, 1 ,180.00 ,1980),
(105,'THE LOWLAND',5, 2, 400.00,2013),
(106,'REVOLUTION 2020', 1 ,1 ,275.00 ,2011),
(107,'SITA: WARRIOR OF MITHILA', 3, 3,320.00 ,2017),
(108,'THE ROOM ON THE ROOF', 4 ,4 ,200.00 ,1956 );

CREATE TABLE STADIUM (
	Stadium_id INT PRIMARY KEY ,
	Stadium_name VARCHAR(200) NOT NULL UNIQUE ,
	Stadium_capacity INT NOT NULL ,
	Stadium_city VARCHAR(200) NOT NULL
);
CREATE TABLE TEAM(
	TEAM_ID INT PRIMARY KEY ,
	TEAM_NAME VARCHAR(200) NOT NULL UNIQUE ,
	TEAM_COACH VARCHAR(200) NOT NULL ,
	TEAM_WINS INT NOT NULL ,
	TEAM_TOTAL_MATCHES INT NULL ,
	HOME_STADIUM_ID INT FOREIGN KEY REFERENCES STADIUM(STADIUM_ID) NULL               
);

CREATE TABLE PLAYER(
	PLAYER_ID INT PRIMARY KEY ,
	PLAYER_FIRST_NAME VARCHAR(200) NOT NULL ,
	PLAYER_LAST_NAME VARCHAR(200) NOT NULL ,
	TEAM_ID INT FOREIGN KEY REFERENCES TEAM(TEAM_ID) NULL ,
	PLAYER_ROLE VARCHAR(200) NULL ,
	PLAYER_JERSEY_NUMBER INT NOT NULL ,
	PLAYER_MATCHES_PLAYED INT NULL
);


INSERT INTO STADIUM
VALUES(101,'Wankhede Stadium',55000,'Mumbai'),
(102,'Chepauk Stadium',50000,'Chennai'),
(103,'Chinnaswamy Stadium',45000,'Bangalore'),
(104,'Eden Gardens',68000,'Kolkata'),
(105,'Sawai Mansingh Stadium',30000,'Jaipur'),
(106,'Arun Jaitley Stadium',42000,'Delhi'),
(107,'Bindra Stadium',38000,'Mohali'),
(108,'Rajiv Gandhi Stadium',55000,'Hyderabad');


INSERT INTO TEAM
VALUES(1,'Mumbai Indians', 'Mark Boucher',12 ,14 ,101 ),
(2 ,'Chennai Super Kings ','Stephen Fleming',10 ,14 ,102 ),
(3, 'Royal Challengers Bangalore','Faf du Plessis',9, 14 ,103 ),
(4, 'Kolkata Knight Riders','Gautam Gambhir',11, 14 ,104 ),
(5, 'Rajasthan Royals', 'Rahul Dravid' ,8 ,14 ,105 ),
(6, 'Delhi Capitals', 'Ricky Ponting', 7 ,14 ,106 ),
(7, 'Punjab Kings', 'Anil Kumble', 6 ,14 ,107 ),
(8 ,'Sunrisers Hyderabad','Brian Lara', 9 ,14 ,108 );

INSERT INTO PLAYER
VALUES(201, 'VIRAT', 'KOHLI', 3, 'BATSMAN', 18, 25),
(202, 'ROHIT', 'SHARMA', 1, 'BATSMAN', 45, 28),
(203, 'JASPRIT', 'BUMRAH', 1, 'BOWLER', 93, 26),
(204, 'MS', 'DHONI', 2, 'WICKETKEEPER', 7, 30),
(205, 'RAVINDRA', 'JADEJA', 2, 'ALL-ROUNDER', 8, 27),
(206, 'ANDRE', 'RUSSELL', 4, 'ALL-ROUNDER', 12, 24),
(207, 'SANJU', 'SAMSON', 5, 'BATSMAN', 11, 23),
(208, 'YUZVENDRA', 'CHAHAL', 5, 'BOWLER', 3, 22),
(209, 'GLENN', 'MAXWELL', 3, 'ALL-ROUNDER', 32, 21),
(210, 'SUNIL', 'NARINE', 4, 'BOWLER', 74, 29),
(211, 'DAVID', 'WARNER', 6, 'BATSMAN', 31, 26),
(212, 'RISHABH', 'PANT', 6, 'WICKETKEEPER', 17, 24),
(213, 'KAGISO', 'RABADA', 6, 'BOWLER', 25, 23),
(214, 'SHIKHAR', 'DHAWAN', 7, 'BATSMAN', 42, 27),
(215, 'LIAM', 'LIVINGSTONE', 7, 'ALL-ROUNDER', 23, 22),
(216, 'ARSHDEEP', 'SINGH', 7, 'BOWLER', 2, 21),
(217, 'AIDEN', 'MARKRAM', 8, 'BATSMAN', 4, 23),
(218, 'BHUVNESHWAR', 'KUMAR', 8, 'BOWLER', 15, 28),
(219, 'RAHUL', 'TRIPATHI', 8, 'BATSMAN', 52, 24),
(220, 'ABDUL', 'SAMAD', 8, 'ALL-ROUNDER', 11, 29);